"northing","easting"
149956.757127307,585626.24214422
142920.667744726,588844.872130044
141635.422985069,587910.423986707
143483.567375626,589331.682215329
148918.425255921,590371.682366915
151633.757746592,591237.072218396
144356.532422286,586600.534095857
144892.187349517,584992.647772245
149483.136501033,586064.624187965
150239.965399448,588308.592621926
149943.262775987,589680.269827321
149439.51443499,592081.938128639
146071.997978874,595829.925518185
143180.145772435,600029.040213861
142299.562416505,598085.91377493
147887.852901556,589091.217874158
139452.981023025,590305.642199256
145219.010863308,593370.733632814
148559.085137211,588813.560930919
143588.358988427,592967.775106058
138522.063594807,592187.499041129
142941.169607174,592430.141141154
141879.906466231,585703.895392828
142953.115887567,586689.452338498
141615.553896967,581563.407763559
145492.582413182,589401.235123537
141620.057380851,589466.450477112
143754.340022486,589002.726440355
142961.098276079,588816.875513643
138479.455343261,582658.388908952
141898.175016306,584690.426309463
147028.799218498,587810.921261571
147164.046528824,587860.472128242
138498.139281943,587017.998419702
147162.673542555,585492.233525403
138974.465256315,586783.564626835
146689.141326677,586678.420152236
143018.843909319,585878.678451519
140367.311880298,588020.741238307
128854.851730913,598060.15406521
131333.036524896,600123.378999811
134058.572464157,591414.943844266
131887.585319951,594910.799523164
132229.894960716,593044.272204474
127504.105543151,593380.156438146
125237.780264407,599419.620903559
143008.569877166,597506.853058748
148785.271135811,599648.489826359
138770.236331079,605369.222012237
148427.743743736,598488.273469597
143871.769132674,607021.190123055
137934.420920108,615007.486422695
144177.752277225,603997.551625341
145219.122245222,605401.846603543
147961.944678202,601384.820444811
139213.955100905,599010.243974254
149844.405490678,599848.706346523
142320.855201501,586152.493236493
138151.576862466,595771.811467949
135935.114753153,593907.769248076
138157.76541125,586139.97689357
142140.347523838,597436.899329703
136867.443481702,594851.757938042
137194.326430373,592854.279896151
143238.208393101,590699.002016522
142529.380427748,594454.707803503
140562.895684596,589718.799791392
144667.759393994,590722.758008726
136263.609068934,597785.770715866
144586.039250549,588296.797280144
141638.600577414,588377.045694105
138998.755099345,595134.982396942
145780.099479701,593561.977017809
140151.091720536,597590.676649567
140018.693102188,597139.839531481
136205.721859913,590033.487265371
139888.967410661,592598.770747054
145925.520979054,596799.732005198
143410.051523838,592665.104061142
137497.205861416,594299.259116743
138977.771746736,592551.276523612
143645.42825371,595655.176269263
142107.584707253,592120.223584492
136938.266926479,595575.30417284
140028.537963796,587846.657396387
130184.897132833,608910.88885827
135692.503499053,604655.753063224
138192.026500721,601879.063038118
137368.476742338,607295.717135482
135795.966026839,601684.605821222
141717.989610694,602562.421575282
138171.463137474,603928.460162822
132391.37019318,602747.953690104
136015.347901825,603096.133987885
136810.521731619,609152.293139696
132062.446934544,606370.643639099
131128.943115193,610869.240489881
131522.719573416,609113.087988552
133642.138530686,608233.502733149
130277.155000065,601957.558150869
138633.589127779,604569.697913084
151554.518249631,607534.678861499
146843.770177066,608085.551895835
139321.687030233,605299.33531573
146410.504260752,608045.430395659
136298.006037697,609546.696372349
142225.926101301,610676.503667329
139798.352574013,604821.556085784
135949.650697038,612420.012709964
142609.006841723,605799.877884965
141856.630977429,611453.725338634
128408.065039404,606398.921004329
132926.699895892,600852.01022749
136544.592497218,602646.92680249
142927.627648413,610345.841307472
146824.511980433,609378.731690124
142418.113234963,602964.646397233
139573.017561156,609485.722724814
141277.342085902,602348.106707171
126140.105964243,599117.162145115
126236.699099932,598877.111027725
125647.373070754,594271.873860825
120339.529820997,586739.306678791
126084.293484408,601603.990449198
127448.254345208,595759.730597846
133243.404313195,596724.373520259
120099.513835572,599742.990287375
128135.54212084,598466.22732209
128930.108048208,600488.201464526
127010.380983874,597453.174718861
123867.740959581,599868.712573312
120687.31400473,601028.943312541
126426.333104167,596905.803637113
147531.995743811,601431.950750761
152516.228416935,602957.165271603
154357.84816388,595442.181376088
155338.026965074,592537.353756633
151881.83992859,591738.718680665
149256.500512362,592652.233491
154914.835266713,600966.799367722
146753.632003237,600598.411486
148062.402265705,595334.407290816
151575.587036926,601070.777369849
144729.143869933,591596.479521058
147038.521185704,595352.553935908
148650.321416631,604574.575913679
156996.836841665,606121.162102725
156097.981629018,608354.400162466
155292.860821132,605000.453727189
156525.770019423,604423.839351404
151983.866815597,607350.846431892
146608.699170463,609720.871153139
148588.546849228,608648.905316368
148467.454037629,609294.520169124
154889.181399904,611655.336523242
149469.836064801,609964.174242038
141908.643380534,591807.537956107
136905.17198937,593179.494517483
145263.345603179,600050.737964269
138862.713690829,598292.389824614
143877.948507402,595526.823327906
146215.123001583,600890.026087537
142560.105112381,612366.819014587
147912.488805428,612195.749415644
146068.708404355,609792.186340868
146143.573085692,614856.080200989
130814.904643297,604182.752120402
129684.037065469,604906.57490598
126078.095062636,602925.08211704
126215.972645208,596503.071862925
133684.040068649,591537.378678098
132828.555669263,596452.989880741
143332.03570902,595017.081963174
142567.249469552,600535.134357978
141760.484270845,598745.920931641
140252.51091899,601371.753118474
140757.776905112,600337.231410313
142267.123769298,601035.234619547
136159.422141779,603261.965090483
140873.506125044,598774.846188303
141471.236510854,603413.073420748
138325.538834721,600133.276910763
134023.410823941,603473.435476515
124140.332161095,599779.240630791
123377.922616359,606089.529890772
125888.123172801,599597.809148766
120132.114544697,606348.775070719
114088.002312705,602857.062684335
124901.288777497,605802.270576917
122910.076579172,601487.015593238
118500.016558357,601691.117659025
137537.256318528,602526.396988239
135804.39436527,603749.310298972
143946.918838043,603974.201070163
142813.436088711,607759.051674977
139277.541024696,607764.968422607
137980.758652668,605676.542220507
142596.075728722,605105.139687937
140111.277179047,606351.619278453
140619.875306822,609230.232906714
154419.692140911,601575.687344037
155708.75628395,603474.059194792
125886.492910068,608672.502645794
120886.452092212,598341.936011426
128311.575552635,595725.575337745
137454.064581729,603882.647201009
134573.610333819,599071.754146088
134157.470745165,605811.865602322
135766.257066522,604545.808656104
130065.397944394,601388.561494686
129190.200456046,597989.916775543
130898.924815971,600449.372725673
136820.429806877,602214.242324512
139367.611834928,600392.824369203
139316.013186034,605375.421538707
131845.048759032,602348.597749516
133605.815178882,599193.217580073
136170.549895316,605003.864307348
137424.187064264,603990.827094577
145338.644002378,599476.665465068
134133.227996714,601896.040515602
141784.725873452,602006.94879517
142678.06484336,599396.358783823
137723.917885572,594232.472489998
137947.707182541,599994.040477648
142305.876028873,606108.628568668
134381.886953808,602725.882553641
140639.778168257,604790.41484978
137951.681310963,607426.109229866
143976.157000009,610306.551543437
143292.547943793,609893.207828365
127395.301750395,601363.272482809
126917.481172457,597617.085778639
129213.128425069,597800.571444649
125967.475406725,597044.054770369
130620.341674052,602253.120668363
131196.62907647,600449.941185638
128934.613972344,592055.204481538
124084.149850458,596347.217638601
129917.229947913,589060.453328304
129983.406013902,587725.115882978
132418.206505384,589841.226698738
124567.072917894,591307.338965777
129057.955720276,597295.176838525
125061.901053302,589530.031344201
129840.098483115,594181.260246411
133874.607559882,599456.372175612
128475.680909399,600007.361954451
129785.833399314,599576.774547733
130668.797972519,599859.563410562
129877.661624271,602700.751585793
144300.895866957,600500.593118593
148826.222441792,598035.630288776
149420.422437917,603291.194880232
144527.287272867,599513.810944278
125378.221323527,591316.547627561
127316.780339275,584427.901198063
128098.279306479,585734.588886891
125334.940476902,586668.362176418
125076.914412417,585042.490925547
125944.131860603,592416.4924738
131262.570922542,590015.861527063
129990.466081165,586790.00482047
129567.150392383,589242.123927455
128124.771012925,594059.82851753
128834.659424707,593016.15045552
135638.616317417,595764.806654956
140222.545511108,598290.237628296
130848.99048876,595626.429847721
134199.43094952,588446.036564931
134293.916647229,598202.747343574
132856.723899022,594963.680081163
134266.713240817,591413.395774346
136219.236805104,590822.644921113
138661.006462947,595862.700972799
135553.571997397,598363.589149248
136872.878161352,597680.220821034
133449.733385388,599917.76767455
130528.733270522,595269.025612809
133550.558777787,590938.458667845
134449.00923064,596052.935765777
129447.801573388,594371.123251691
133857.435835619,596391.7612385
131633.684192486,594948.57223222
132222.014940344,593986.757328641
136503.044343758,598036.498824582
132908.974658635,596282.307621911
132349.978126865,588713.991670683
135910.629919395,597304.742843043
136303.06418144,599294.283591956
145214.440201223,605228.448621836
151313.696004301,605309.51714281
138721.055537835,601092.688069325
149403.113212157,606083.829747234
143000.409643259,609393.789520953
147357.59193752,604889.075128697
145743.324091397,585772.128950078
150284.416681901,589351.632301975
146068.254287746,585368.084721267
150183.353527747,586089.056970831
145963.220107257,586870.963860732
141377.160840482,590712.392585371
155209.127587378,593382.071113922
147219.841312077,597858.242296875
151579.644517414,591409.166609868
153160.217892267,591228.20170686
155436.432968743,587768.23640386
152042.898665741,589223.763268348
150257.198056933,595409.143215727
157258.106025402,597206.867225841
150776.419716515,592273.967935424
149988.313439954,591703.95213984
151701.1856406,599301.741365716
142176.134562865,586401.638847217
142184.015140813,582646.23622898
147955.953080766,582346.396167483
142931.582278572,583403.899300098
148971.851590108,590411.946744192
146170.841170438,584903.525619172
144366.54292997,580055.785468221
145766.436218284,582014.821450692
142555.2419913,583926.620924473
147428.839323483,583273.317832313
140898.482976202,584058.213312924
141693.991008569,585996.644168086
146278.313245531,582724.437271245
141755.666427314,588154.595461581
145573.471048288,584532.999746595
141620.59556935,584347.362104524
146449.476970199,583319.012910191
152435.240230989,589073.17640651
151420.125078596,592404.731963761
130931.369231734,583814.372297842
140097.36926984,581543.575884495
127782.710713577,573759.321811218
132728.479411546,582479.369233493
128235.951381478,584598.791115817
128470.340845641,577207.44344797
131546.20658122,578484.323206078
129634.672864228,585824.665768929
130643.286926579,574618.996517938
134525.097301975,581700.865701865
130033.666218352,575274.353530724
136882.416431699,583016.499018017
128419.833182078,583191.582272388
131109.494548358,584320.927361924
137275.332707942,581108.067538321
129640.416680276,587129.574727826
132050.626034476,581446.292049997
135875.627170131,574754.143449944
134885.84555611,586542.491599638
139831.030993722,587162.725817785
136545.83345307,585766.61059726
135983.137086872,585970.918221772
141801.148903444,589498.693064544
136909.504807927,581215.183223188
141385.131055899,583041.091599576
142843.072833493,588800.789406113
133292.246692907,578701.437040512
134331.481664982,588173.762035333
132417.933999654,581343.377369177
136581.398914792,581599.034359492
134452.876879741,582105.378866568
135192.445305195,581933.188103251
134414.654717688,587854.101350158
141677.104246318,580246.561018489
135528.266812656,587298.126182687
141085.381230433,582031.64981408
141298.825667612,580894.734669197
141024.257814046,587591.916549671
140198.502112739,581068.658320699
131559.717042372,585807.879378833
139568.448114954,589767.69216815
132573.205427621,583648.911061149
141714.929381404,580833.50784352
131314.639046136,573922.574111354
140554.96743964,583490.066758171
135949.101029895,573659.94467549
135011.693649705,577066.145481914
134539.296314307,576365.28874319
140265.405041818,579666.227058414
131917.832425423,576805.762601271
141095.868277829,584540.087399073
137287.832391933,576105.290555824
135234.567628987,582942.379937507
132551.588612609,579669.636682421
137486.698116362,577571.951924358
135060.026031416,580240.097021963
134433.170295041,574225.684706494
134624.741539638,576193.942757715
137330.110344104,576664.643271547
136115.671411809,574429.654237442
130873.406436987,575338.895034563
132920.120586362,580728.580649663
144199.089419283,577393.741854951
141722.877762862,575919.906294752
140129.506404907,575325.546525132
134878.892591126,580936.966545809
140032.341750152,571505.23248259
132141.659842897,572304.643118382
133171.125232894,576048.294903059
137660.925825313,575752.710000332
130670.996892795,573214.222029038
141883.288999088,576514.518196508
144560.324785057,583508.834178504
139496.979197487,582900.648612529
145481.597760506,582472.278751619
137140.996328723,579157.883410677
136580.541696213,581493.594067544
140692.529080249,575540.956998803
138079.320958834,579133.195520714
140249.391642027,584205.06956866
142215.609734416,578651.746483251
143308.919302747,584815.465976857
139408.091272008,578797.077705398
138418.715204261,576053.353011403
145078.033228405,584210.552230477
138550.279637054,573145.376522187
130760.013838578,567001.405538619
130977.035761457,568944.024193078
131948.045162391,573447.080863919
127409.915227946,576795.569076277
131466.640923377,581425.318371579
127626.919775922,573000.508551225
128017.268140223,579681.579448469
132293.740091845,580474.078599736
133472.873198707,578579.366803542
132935.188022517,574239.788860176
133811.910899449,571950.037308689
128422.092509028,579014.595395438
135805.012527406,577208.031394612
127885.492494758,577236.961919509
126186.157966033,578582.015183315
125738.974584397,572074.997817595
133726.354991831,579620.475672092
131679.455065448,574832.072305307
128728.038838204,572605.10955067
126619.403529357,573677.464832723
127686.402410921,576152.169540524
132975.301130399,570707.598569348
136594.253992904,572110.384353772
140922.556944024,589333.027469907
140754.840623438,587010.821673013
140831.251281127,588993.284609448
138144.690185245,591150.366297048
142297.659641914,593186.425210815
135766.6441519,588739.936036021
139659.70741814,591637.680122163
139205.838562604,588972.572337668
141553.70699225,593728.193455189
141183.811356593,587206.809551362
140438.592292126,584875.580043495
140251.244926564,590403.535517361
137368.008886091,590344.29005459
140409.902394414,586308.575206213
135725.965613667,589253.771777134
136581.627686452,586442.225742396
132372.191158868,591633.991459604
134233.852892835,593762.979051005
140421.026701443,586999.299244341
134258.895538915,592242.492059369
137458.264285978,586571.119861118
130545.44195151,580386.408098154
128665.653860383,582408.47944729
127771.883499585,585649.129648823
126622.9913426,584777.39693962
129312.206113189,582428.056887276
134573.366703838,589084.746231977
127639.555753432,582379.98643646
127442.226399966,578941.229732558
128519.502911307,585846.103048865
131846.93411123,587951.043078769
124769.632062968,581390.221969802
133294.757413957,586084.144717734
128917.077242397,589789.39954564
129822.323292121,584114.345664065
127569.681342039,584588.325415775
123574.181345291,575556.674334593
121877.657371573,582093.409748934
123475.725781191,582871.045799274
126107.823866978,581110.584627185
127915.461092796,580365.459001061
124284.622782219,579566.670482676
122781.97347533,581224.201674692
131590.360743318,580963.685299542
130245.29864572,586702.278123554
133075.979042519,587932.742458023
133262.884578947,587175.017332993
132448.026140872,588137.184106633
132952.38756964,592744.367361683
134280.258489236,589106.859749597
133130.308711063,592682.253618352
136795.433655065,589670.914371088
137032.189322077,584459.40007139
135777.269256525,592374.698800817
129520.918301158,587712.111237776
138276.009126026,584270.446825903
139862.959090769,591274.620976858
132471.615137625,589901.180526987
128871.538398694,588951.860690769
131617.348080728,585713.701788489
138413.683451153,589248.505618144
138378.046129458,585220.733250119
128070.230790973,586742.951811571
129420.951990969,591771.378584486
132300.579279475,583617.058505677
132512.484421115,589851.710771862
147089.495545663,615143.559482731
138399.888028763,619275.160336122
139743.0417649,617194.59909755
131762.19469538,608695.409625284
140931.224292181,607795.593561903
136036.650444958,602976.238458585
139878.365939919,609144.554152366
138793.520820886,609751.179283299
136250.90858506,607500.327650812
138969.488137029,607195.451893285
136081.824627332,608811.696316116
136812.812961452,601979.459126573
134272.288410552,603978.584747855
130454.908304289,608927.710051835
132533.795867078,610112.967973184
139086.950454488,604928.28855766
143789.687693454,619524.976419359
142215.251757596,615846.916297264
146812.003853023,614482.541343048
144882.793232575,616988.353177141
137186.990578268,619557.772831153
147413.424293119,614935.369538683
148081.066014487,613603.696179725
147278.795148525,615898.646107856
147505.17777063,614920.211458746
149337.124997694,618358.294935562
147693.57613869,611948.797205258
141553.806646734,615022.077059664
146856.494809315,622243.594720494
143083.070922453,619930.517525919
146335.621657744,618810.054115728
146212.879948076,614608.69067689
143844.216518998,616508.366389666
148583.838160615,616700.475774892
147159.402922448,612826.379922032
144458.307242386,614785.873909477
150219.003827211,617906.155928936
144078.637407906,620998.147360701
143483.467351831,615512.075593509
147829.975571681,614564.265170649
148128.271418739,617449.336946189
149504.936383534,607768.26081967
148032.658918299,609480.377253059
141827.929494344,610546.035998873
147677.372151241,612274.577549566
141135.913619418,614070.63918978
144789.668542314,613426.310120914
141275.401454233,607699.346050154
136139.596166369,627917.899365816
142637.727362163,618757.805175316
134594.597146232,627367.873791493
138842.171720508,622935.719994362
139181.125761092,626110.469544694
142719.145967625,621933.495228272
142022.169989999,617248.41319602
144657.0684826,620771.671726927
138541.548110917,625221.085202787
137577.555663493,616652.48302605
135854.073078502,613945.690166127
133278.289505653,616713.934123982
136680.783771452,612566.021977458
141993.292245269,613622.147929668
136950.278741699,607017.676891666
140634.899781086,619323.930696025
141594.413082395,615199.418536108
139266.270817723,613906.898337975
142417.140105926,612890.795659926
138856.015176605,620483.485633414
130687.388614193,614737.610252686
137008.84803554,608985.504604474
130080.839234959,614228.449835636
132561.797537576,613881.33837251
137950.99941669,610516.52175216
135935.999864675,614178.472155605
141407.216006983,615183.60172417
138060.915434454,615665.073310304
140860.688216705,614068.380043935
140889.079251233,620581.96771713
140994.268936753,618043.734477762
135077.323487587,618176.131022666
139158.269185368,616796.100979745
141808.378747664,618724.84054219
135756.607268937,615221.028496046
137927.911391668,619217.725482769
135751.246766504,613768.906486705
138989.296643566,613934.615449924
141444.286708478,612074.393857811
134770.0237564,607854.616546296
133018.432000838,612184.230817463
135933.562363349,605407.374154031
137129.591214005,614797.682566382
142628.023000836,614933.985043582
133338.326990418,614642.9022911
140104.197430704,611640.483781137
142643.228223175,613025.042351522
137193.997200672,613503.407395631
135532.727121562,614238.887596875
135612.96897782,612890.941520594
139109.114600904,608620.933272876
148656.4328623,611698.192472942
148462.88917765,615857.962544262
144777.213239484,613925.985048991
144801.642303541,618885.956982337
143135.058776531,612985.412323128
146947.336820755,617201.413031183
151606.310954969,617496.253096592
147847.375833802,618593.180268649
148074.364009872,615669.532314409
150551.935474239,614921.800689269
150955.006569438,615655.172686744
152276.616888579,612497.122279841
149436.933606397,617333.090896718
140463.69695086,609880.303087737
151429.420416117,616280.020850994
147642.768309824,609617.087760288
144014.447675105,614444.765999429
142305.094931461,617257.882819697
139674.438651185,612446.731503122
141132.922592293,609171.152787749
145310.748009477,612288.206639048
141263.547343668,609678.697109874
143351.54895857,608180.187501013
140107.798802149,615203.154819753
157680.607164446,598815.560664684
158078.821783997,602388.408503737
159209.74459108,607083.905927371
158154.446856864,594490.988883469
163624.737566337,601746.539912436
166361.963502318,606221.918775328
162406.465188842,604266.786672529
163130.90459602,603113.795858249
158050.541342895,605094.916212223
160211.109369528,600644.475228712
164352.614622097,607658.95207189
161555.826835595,611964.338278528
159600.189109053,602388.974597026
159361.352936961,607172.471207213
152534.99443192,594695.849186536
154635.380226281,599411.76275555
155036.521508358,600196.007113904
161273.409490753,603537.051413488
156431.223581266,603381.258669123
155630.045024958,596584.069562145
160818.572519112,600392.143395424
158677.08730679,602767.301180214
151722.023956664,604410.255018342
148228.635884915,592937.220117375
154622.0324005,596808.202599455
156026.105270907,601844.370125048
154391.752583105,602632.490154784
149302.930174861,595954.424752854
155403.742655549,602698.983851083
157245.556321666,602550.651705004
158974.353903346,600533.822277375
157921.903718729,598234.574078489
158722.955776285,601446.015192475
155388.625268932,596870.338108446
152332.239286974,601679.416745529
160492.153184395,608246.881080512
158455.066735931,604911.019202545
161174.356111195,603502.669611033
162388.58433459,608390.558622032
161717.258419231,611358.413284998
155731.164361309,605196.991764002
153875.704269297,618175.046829544
156078.675060738,614972.524207663
152465.406826157,612618.438369874
151505.26313192,618256.045727868
156480.850576144,614559.338801447
160384.149983339,608459.727643803
165444.400447421,616854.683042224
163768.59994689,613750.138923991
156782.014441881,616060.28463982
154229.45528508,611040.765621223
159288.271730907,611415.943585429
157648.862447433,619655.593563836
154787.851344969,612333.793140851
149560.488021299,618746.826042365
154155.228083193,617900.103015404
156084.031571582,614015.257249545
154988.148359064,619499.3789776
144713.550543301,614454.252830651
155609.159734931,616828.138399515
153568.152412865,612154.468188997
157366.801578395,612157.760135204
156659.656436164,606902.984702121
152440.398726109,613581.188717838
153966.941445321,607653.370354883
159687.683473714,609147.070604563
167396.190615278,620336.951648816
163425.80744233,627583.350913599
159498.531181179,625290.880748909
169772.257855628,623518.3359975
162358.192656487,616179.047960825
161150.734584332,618545.762409475
165148.497554895,617189.654504701
161478.482600395,616531.021397438
154730.903521366,615279.785458874
150518.495421484,615160.10429468
151690.400849167,617726.140292432
144733.681726456,616674.651989248
151757.776007447,616987.307561934
148753.423013259,615368.886094633
150057.407889515,612664.498431887
162930.834728386,615763.365657255
151096.258101072,613501.340278629
161247.499818634,608260.329006519
146258.608896695,616201.573718358
148270.623697434,619928.044040874
151016.691180039,618452.438899316
149132.533768509,612538.393514026
150291.133988097,620005.091481134
145184.036021437,607145.264470987
149826.005439833,614623.052823078
149115.358879045,616828.248997033
150053.816049825,613735.495110136
162350.525877792,616301.05264103
163188.878970567,621690.917628024
161021.179509871,627551.062417012
163042.326206807,633840.963757597
162276.022240091,633473.869595613
161416.471769858,634334.150780506
166488.393582404,631386.618967075
160778.453446813,634061.385366891
171324.655367706,637387.003929559
167557.85436517,629554.567159805
163280.064473543,621902.524843309
163301.439194474,623781.736158673
169541.861117613,627659.270320591
130824.437735952,608274.007592469
132004.222856805,611535.358102996
129215.321446024,605885.419446044
129775.72294632,614737.214796897
129050.340509787,607721.697009169
125188.133703824,605396.937753819
134592.187633216,604960.665602591
124219.776670095,608661.347747091
135146.421307195,601859.81312165
129706.113184895,609345.705474354
135127.578726541,603971.802664082
133927.515438199,607220.130675118
131963.146796841,602305.201475974
130908.440207355,609887.755908687
132795.03853891,604245.324342456
134900.792979009,601262.180738576
125841.589773428,609927.281111423
126868.405009829,603029.910831794
125624.483645018,602752.817468047
124216.903610621,605168.161069136
127783.328322448,609914.135126285
121800.352479741,606972.291738391
126633.974370137,603041.312506925
123277.741747256,605817.190395016
163243.505132064,639426.690737646
166178.549845982,637508.830998838
157150.199820809,633729.496480636
154898.542479891,631554.248297308
156371.881909575,630059.08900667
153746.56440061,632465.083319992
148861.708501413,636198.486818641
153237.878154777,638520.899503212
157829.425779823,635149.737424962
142538.538338825,633417.68988004
150275.7231858,617553.811384868
156622.783930246,624180.716365296
152931.697652239,620987.173697516
161958.745746985,634421.708100718
164086.330082491,627758.182010204
156854.529724922,628388.508309796
162427.38755662,631304.85334415
155954.928451218,627296.337155253
157758.508835696,627258.081038687
158571.871241823,625349.745402165
158576.386013161,624109.431559686
157822.423044126,627724.49521767
154806.713362318,624650.098838098
150202.168619726,621849.389421288
157824.62047061,630644.512723703
155812.803373188,627136.213732101
153798.468292598,624236.33458782
154577.108620945,622900.423909258
157864.565940388,623119.209870603
144999.029750656,613412.084478699
152123.956053518,616705.353056267
159574.149564747,618111.973587424
159009.899518434,617323.131590422
153367.81239165,622868.100108765
151464.529009722,621546.113870293
151852.273930673,622274.883769687
160368.437517062,623873.382652551
159905.219154432,627493.914021738
164457.796561811,628703.379165381
157240.015087556,630012.661694363
157052.106015664,620630.591237266
151626.687288471,624955.320169311
161012.820152938,630797.290143557
152206.104172673,632184.150554053
159465.744276531,622317.710175086
164034.954159688,622899.712429866
152181.224637181,625108.48341234
156755.439297576,623416.912873648
154775.803939719,620613.297111262
157988.540351484,622932.117459755
159810.904971417,624293.970908225
155898.67661031,627183.303461019
163577.466403414,620334.166789614
152718.962357193,633854.006260075
159997.856543213,626834.305145219
161201.841922756,632508.054062445
140159.249349032,629847.993160412
145042.912586778,630078.90823083
144095.239929333,628583.877416663
142654.34467895,620353.177124448
142519.915524937,623852.18589212
139901.367870346,631447.963843402
138101.22070564,621677.514078189
141641.561532207,623259.743274655
153063.881014846,617331.539421249
154312.714535221,618655.433980394
152882.911970131,612880.842419658
153164.86204667,618224.126673415
146998.030122053,622268.924425691
150172.775074001,615479.884385224
147764.107953925,621474.393551257
149898.820666056,626596.588293314
155249.620788425,617254.808112755
145714.144469053,619029.267803114
146132.922035642,623320.802860055
146169.248651713,619721.859751362
141600.511878904,627173.729499225
137741.137583461,624943.211467937
143394.67328459,622090.766853411
148371.401432436,626269.084094651
144954.035135638,618830.171871651
149149.852372922,622514.59910332
150934.600567631,616608.232152276
146938.571002956,620953.37051836
143045.326391891,631313.6333034
140312.922069624,626862.793455873
140772.090863027,630706.853134032
149523.464108482,633181.172509473
144433.924402311,633988.945424858
142240.692078214,624145.152610838
143985.746624321,631481.422000472
142929.578263406,628675.695841108
137700.167111222,631140.957861252
144045.130418546,629288.776888601
137903.394058291,627689.510098614
144628.080671363,630083.167911801
142235.848049447,627797.459944431
153189.485023227,629424.744818732
151421.194314584,627321.388687007
159201.614385564,630989.696197584
157176.798540466,631702.581626959
156329.559826106,627388.476185501
153022.815546114,628676.228921022
152710.545888186,624219.95959954
146619.172745645,638463.416468464
137647.446650118,629214.649329968
138474.783833157,628425.918451995
142176.619314682,624368.833296467
137629.605350085,629576.558314357
142690.701930765,630175.931537807
143185.155161005,627273.314209264
142708.62631911,624664.758742101
144192.453321349,635388.667009398
144503.21203677,633398.449316584
144177.777099367,628472.735276651
144322.97853265,626017.977656368
149640.494559072,637203.951905593
150321.358689684,628881.22900648
146701.906927489,625729.827355128
146484.453559276,623146.186129674
142308.439576346,614892.010704409
140220.06268777,626861.34661613
147110.504840314,628128.351950645
145724.094768502,625782.868374176
149571.621292494,632531.065137815
151076.623022351,626412.991923466
149611.459979322,627737.802138645
145551.089203637,629393.352395017
148368.903891202,624947.322896421
152758.395768467,623571.311233137
171135.360658485,627850.713348165
169033.157746717,632613.87633945
142075.886490196,628242.881368939
112594.531334955,562859.501690287
115540.064524394,564369.537968375
111017.469694838,574657.121279091
112773.752241358,562837.707425747
118731.726139169,572678.339182641
113389.548009653,566516.060777754
118544.487388991,564980.507623591
116061.348717567,562988.659560494
115668.455892969,571490.156327244
112202.620125376,562224.799639303
113053.527153842,564178.825069964
112718.477616739,566861.067307107
114586.09941395,568688.187714536
117314.289506618,569444.538017828
119159.584612828,576858.394296542
118756.492573377,570689.484347664
114526.000725981,571377.368698251
121249.293562006,568801.095966417
115823.673493005,576678.457512856
114319.691905752,573474.382686801
112980.083204899,572622.362962458
123343.973277863,569395.646636654
117132.969578441,579220.495620623
113241.37653131,573982.745863497
119107.425397076,571548.798283469
110980.326984171,575428.304958809
115687.402740605,573382.512078434
119340.07915467,576516.247912161
105108.111646846,580619.597847201
107763.117049355,567626.65821407
106175.411180779,568500.976095889
110847.422388345,577430.837172009
113182.243771199,570302.448105887
107461.480632611,575562.512859982
106859.514262974,566668.643996064
112853.722352218,578019.196016248
109222.670033481,572661.128624715
114790.369901285,570977.383139506
115520.83618572,577491.009873394
110305.123972241,568870.473384019
112092.560030799,571760.14937954
106507.317084223,568584.769992679
107451.089420151,561237.568448763
105540.06583998,570901.571273524
121876.171104256,565930.614878222
112897.364388537,567410.149824806
121600.261575766,565277.21213216
125087.886505388,568389.44731662
124049.212134499,564913.099575527
119062.988093682,570520.879537798
119226.124062259,566142.880028524
123863.421108793,565867.641940009
112878.921752702,576465.542085841
112743.5215188,570380.693216808
110824.472839143,571735.485339258
116645.915477723,570140.256290231
118313.946733996,571677.012839261
113936.115229968,575060.913019814
111985.437218752,578274.386225734
109401.225893199,576334.487797134
110448.843771737,576080.142988056
114513.911996782,577972.564009577
108873.531207722,580637.86844369
113241.501192842,573162.744046096
109879.507947713,579355.946564581
123172.876835428,562097.577644326
122340.291908942,568225.02729632
115915.628504474,566235.449293442
122259.647065308,569217.35242309
115876.513439599,568384.71773668
118441.525513817,567176.495870296
121796.135987248,569530.225525498
120522.008857496,567196.185218137
120995.732167941,570309.168931581
121197.030127421,566054.108712181
119775.114384107,583754.525220674
126760.508822612,575844.08144135
124335.918922685,581522.885471098
123229.777985718,583053.128435835
126919.316697232,577115.469617229
125166.619648822,576441.986174565
125883.943092264,582155.22723157
125863.509293273,578200.717427395
122902.890145313,578500.696300063
125088.291121442,578217.007643636
121767.554335125,579634.89958578
119603.33520649,578863.172588032
123011.616498791,582075.871619303
111159.907759037,572811.69354545
107375.808720738,565063.210349325
112264.956842288,566440.283852946
106519.70294809,564947.528894544
106512.235255968,565608.849178459
111613.552468531,563759.132031482
113583.878511079,571847.533037569
105346.240583211,572425.367065482
128494.931974858,572498.61339597
117389.79810169,573258.682243433
125331.312913541,572530.537306052
117587.827776182,573361.833013959
119090.655657556,576901.792788599
118637.213359587,572298.007335234
115152.565630618,570718.989430182
110864.940515347,574565.666430537
111481.026630607,568706.372686457
116154.152624529,569730.00950196
116164.636452775,566313.543708716
115511.7588792,573391.679965425
111824.54087073,569280.357742496
114363.428658899,569840.729586836
115928.733077023,569364.869879369
112126.797334664,567771.526197344
112105.436879806,569049.201022554
116208.429546095,569507.422570977
118650.220577288,578622.111877948
123331.753156755,571545.345449515
121054.951259363,578650.131486971
116078.931954037,577558.990298975
116452.595703956,580136.914414726
115339.997130021,580697.753531046
113452.833402257,573316.601110082
114507.058790792,578080.002932716
121767.687897615,581457.962693699
112318.185058609,582038.924360182
116876.877652109,582735.345342476
113567.010712326,584848.443475608
118598.871201929,582868.694589939
120996.37785593,579264.632674679
116163.792668935,587194.748432562
119243.685439136,577480.311818607
116163.059739023,585866.59994917
118940.523195732,579716.653189342
114774.88536844,576858.34658416
120737.323160656,578453.598347399
120522.290889267,572702.311924193
124645.382163581,576175.977858104
117517.812105641,571609.468321595
118982.421315141,579519.054864902
119372.017690752,578996.484789964
121102.093456127,575761.515590176
119818.441394251,576303.13122049
130213.676149305,577178.758724835
126506.374292243,576704.47863847
122153.897765279,580945.457570814
122397.837472614,580397.076697089
129916.946272179,579499.426050987
125678.751760051,571993.555586021
124547.063472867,572795.613640547
123188.65208244,571997.456957884
129038.925563898,578650.745260138
125373.163151089,572831.778389141
127464.199891873,572364.797176886
124174.917258415,568718.736943882
121867.219266891,580243.02528223
127438.534061857,576788.855861973
121846.535979956,578408.925285563
121665.286146197,572720.578713156
127034.644223005,572504.265099205
122907.576748095,573721.795138363
129258.686029352,570717.928361241
126853.209020663,567843.107608892
124791.511225794,568238.95475762
127439.027591143,567203.52086965
127083.416213188,570051.825508755
124680.031555574,562468.702726793
126959.15096486,564623.825646099
126380.143898595,570821.459638625
126834.938580263,562020.584494807
127123.211562075,573868.61446742
125082.195138559,574263.013585657
122665.143847588,570450.398247048
128538.745205458,564906.085711047
119197.304587811,570341.087754667
121878.913621064,569398.95649514
126126.659142319,560119.074963778
126290.211238284,560454.458042961
119590.573243797,572108.333797194
119149.939254113,569975.966466032
126979.694301728,575007.68685434
118737.062212918,564515.14892308
119465.679092519,564986.102212593
119592.35477671,567968.58083019
123509.629846942,565479.681341667
129810.78269545,576733.020887189
127828.115675598,571876.081117895
126291.367253847,570093.260922283
130265.370087977,570131.871497072
130425.676514897,571156.003891863
130747.591199633,564477.67114928
127067.098861281,570005.839428306
133875.336576439,563359.383987077
132938.969750069,569245.278495234
134736.470393185,570785.530059151
125463.747770488,566696.974207833
132891.233126409,566802.218882516
134842.467118241,573573.061166238
132590.289823972,567728.969336748
128501.996181719,569614.359382261
124735.443613771,562183.478790242
132774.604197107,570717.201342564
128210.029740538,565142.016759049
128082.654698472,566721.655087769
128442.504516151,572249.864225369
135676.85626382,572663.095470238
126976.427512802,564328.162784129
125925.104137231,567651.389353909
126654.640590958,564584.764254745
128235.70079105,564882.060713042
130941.90959356,572696.805000398
121377.5786517,556749.473480675
126954.975899868,563704.724019915
125214.761749469,557810.896843113
126943.43044972,564922.863841336
126624.426007606,567335.216314048
132332.725243196,566184.359721839
100953.887842726,549964.242138639
102134.895785805,549617.33937338
106087.942465488,554444.400790054
104220.903779473,547358.252935298
103954.652726781,550575.635830387
100275.5689249,549949.211595617
108450.800187979,552465.908662695
103005.014194012,554237.473369014
105447.64444055,551707.900108211
104912.76806239,558696.641598269
112546.796880383,547887.693883665
107392.548452783,550550.893719029
108280.493181944,550328.361960314
111536.810189765,550623.002569471
109775.414085574,552836.874469835
113472.344187647,547672.581856977
116452.702143323,557549.608484972
110950.759761501,555280.420474298
117078.214230407,552765.336383805
115034.239002224,554194.038603846
108331.934376713,550611.144792475
113424.695838243,557261.176191457
115851.374303363,559152.421677299
112841.192095727,558793.849878386
110482.891981807,551806.143121868
119281.058390904,553030.904761609
120249.940330163,557686.054612137
119757.073683944,549826.696347632
111915.284996759,554212.132634036
115625.972558558,557693.552542664
111403.063661419,554894.252844527
115694.330319893,553753.622720607
97660.9079338796,562043.176732976
99724.6247570217,563346.152139381
106879.862290323,565792.998314817
105225.473165046,562487.639651652
96449.400963597,559739.508277215
101604.849377088,551227.60950515
104494.528280199,561122.01002365
105199.508982528,566884.720906526
101249.007028636,560139.689488947
95486.5733812302,563786.172501512
99659.7326284274,560374.707665667
102380.484869238,559292.969743349
93650.6447198614,548337.153099831
100937.387205102,558239.666923787
110093.039039895,562570.914401487
110630.004194006,560898.188595008
106261.336115759,562602.136098281
109603.049023114,563228.505121656
109407.737393584,560195.154578798
110581.320050746,559895.01507831
105467.338140495,558171.117855236
115466.508198734,561408.751040455
105534.426493198,556347.326949798
105251.205742825,563161.0945829
104229.316743277,558471.823903807
104470.714203268,555448.918629345
113917.04929743,551066.753120031
111755.054804832,564956.995745711
112496.624922939,556510.763407778
105231.531645786,555614.560114205
109435.211821366,560874.721846357
108853.845449351,555076.3649703
108697.420236468,562476.539880689
112613.7061693,561557.763087768
108723.158896547,555976.037311815
110508.17801898,564335.470490228
108221.9377819,556552.688642837
111876.772027697,556335.170411199
108416.439902183,556633.984612383
125281.998683829,560078.724112846
116113.10236888,553128.915378656
115892.837498095,558281.492410153
121956.980406791,557977.274733018
127844.58578337,563115.939320419
118396.861264203,562541.009842511
120829.53263903,560895.131935365
119738.994106743,556744.677805062
122406.678589657,558768.166809864
124781.468614358,562346.8149212
123352.428219561,563538.287442736
120347.479136571,557749.947847541
125601.668244693,561522.935197316
121720.249652974,553774.356679805
118940.849302728,554324.35340628
122789.775093365,556424.828747101
117538.781833276,556847.029934358
121156.063687615,558378.597257566
124514.44532508,553023.981201742
125778.182251889,562857.92650564
123147.788535673,561368.819682449
118367.970778532,559042.081765104
122292.125896487,556787.425107736
118448.041638732,553716.080322862
118188.593156636,554389.010534156
118335.857671954,566489.066699032
118392.59110475,557284.885153733
120551.964634005,551579.694037326
120033.10895646,555340.550372005
121144.63435521,556684.246469367
118907.157820091,555721.610044967
124988.065672759,554072.269080114
117257.090471312,552887.631486617
117750.896984059,561584.580284264
123544.370877929,557606.373683549
116511.662113108,566651.319869049
121244.315344933,552519.800687023
118865.645373594,561656.500196613
116340.119990032,559645.149984024
121274.546263654,558016.262099657
125526.898646306,559731.660985854
117329.176509213,557533.149847519
111017.361347992,555920.342316013
112597.2046097,561577.640576027
116195.826865733,563377.339446452
110209.512213897,559320.305968728
111473.693159074,560117.447729949
115315.387069892,561645.979838494
111098.991864845,554335.300848056
112266.476259753,560330.262406915
111642.132470571,559986.305614375
111955.067303106,555341.550807785
116669.442432839,555357.318403479
110518.563001666,564013.239981309
112436.700901203,560715.87009253
115082.374921869,559148.041331731
109773.267727315,560810.447227042
114970.311414585,559424.470756445
108640.293834552,558065.410870504
113279.208718147,567189.361221232
111307.086686157,565272.302273382
108943.757133279,565342.268410884
112784.950454999,562329.686183091
118581.423984189,560459.881453868
116723.901215568,558448.106899951
119055.158687923,564060.195442308
114063.765621278,561584.64290984
105115.834206771,567205.59909204
109690.341130923,562633.849395301
116086.552333385,560386.368701663
109030.190598592,558555.963882804
114244.917574935,563798.606359564
110666.53003227,566041.423100419
111807.749373186,558121.724292729
103602.058719601,560688.34068685
109967.840993498,554307.927544881
109621.591626275,549610.986870062
112549.27733779,550460.040550288
118743.107520044,552115.307482984
117338.513360433,551564.015576206
109757.607777137,548807.732545678
116689.757971279,546044.769510813
108327.640567534,555924.285255279
108987.997837942,550129.75115937
107486.921181064,549224.153788481
110380.466290563,560054.994929768
110264.172449429,559576.406484004
102999.540492818,559876.861286294
104816.238195635,561475.637012534
105947.29870325,562504.536651447
102382.117837109,567030.570943654
110361.177036166,560979.005110264
115749.125510827,570443.901012018
111738.369578123,564922.53476819
115272.934464645,564833.769933693
112691.602638271,561641.220199596
115034.713647608,565260.761959106
121474.267811514,563231.713971775
130050.87199077,562711.917353962
110958.507302318,563858.321369577
112693.990576454,562506.061510667
114759.227095451,558348.444059119
111777.818054706,555668.049901631
124218.901458941,562740.172364265
113695.558427032,557285.291358475
116696.767382305,561516.225380655
117807.249690685,566632.431527361
117107.234756421,566024.364436191
116127.675629426,560280.878959261
114756.284539029,565099.94242508
119384.000904579,563828.069823235
120640.349495597,565526.971092168
118236.545078047,559997.831434067
119456.504595,560408.142214641
114424.302043188,562436.925142094
115603.279050626,566418.719414435
113794.115462661,563938.82585695
122910.856635496,557734.228459187
119196.304839656,557919.169565566
116465.405361354,565525.094871502
119343.048055552,568108.510569215
117915.743402246,568134.155334398
119865.867075417,559376.385318581
114993.349741381,561063.169385325
115008.62569375,568362.89335506
108482.40262391,569938.254611753
109179.398334604,570376.208650172
107566.424021348,569228.186826147
109050.658337116,564961.696893293
111721.741355635,569297.570987325
111828.752970323,562052.392010763
109106.179387271,567113.413850386
109889.292034116,564969.077315759
110482.168524712,561618.348107114
114376.063374523,592693.607450649
111923.265509933,592217.77348616
117239.084231835,585722.135106102
114772.657123394,581236.525474153
118773.515700176,589713.39089321
119160.514463857,586529.17800162
118648.520426452,587901.726389583
119495.023834351,588832.159054894
110298.940633889,585564.494246151
118720.057954453,586898.349813092
110705.904425737,580056.202698514
115925.010532353,588543.749338966
118258.587386552,583149.359750189
107831.981857467,577299.456357621
115306.10170085,588272.880472708
107539.074516874,585797.788003586
113005.669488478,581031.169938482
106662.597926598,578313.297838312
113342.215547524,584606.064760778
115584.452716969,592919.528338425
101841.742990464,533536.076808982
106638.621911537,549852.793023568
111017.28057066,544422.084283419
106987.701611128,554861.033824179
113166.533957608,554580.421817731
102257.541117501,550094.366532452
111283.790611494,545955.261896849
107787.635194883,544583.157112636
107193.277466744,550063.504769374
108955.810436327,546375.402477104
110144.220148027,542947.415384073
107412.458993681,536213.679148071
105434.017853625,539905.259034783
103287.741377056,542228.654353451
109907.202185653,548333.264385257
110055.769876469,538001.769969933
113919.59455971,538462.764380284
102212.256939895,545234.146902058
106764.734990913,541756.704814062
102912.399384193,544432.215857506
110069.968324453,542088.300131429
109778.100764193,547837.982126884
107300.263946094,540360.859371088
107205.352889467,538843.367639817
108594.713653158,542841.317140963
106560.721898917,542744.998294301
106084.461434279,541359.038750082
99807.4890899472,554862.475795634
98671.4348209836,546957.461664192
96692.3807583749,554840.378436707
95693.9386006743,548536.901868504
106622.791124973,546309.61516574
112653.184122499,556176.635727659
98900.4169238731,543196.992948651
102615.326087996,549447.843231168
121141.528578382,583786.437413003
124383.963935319,584290.609258898
117871.794901714,581143.212933708
127494.928623978,580221.92086881
127047.12260168,583346.206818949
128663.82860234,583073.333721794
120751.547245868,582359.922164772
114928.958180528,588067.182265595
127580.617250122,590588.841428794
118760.971789211,588706.314148232
122576.336385123,586810.238750558
126564.852172323,581742.127075046
129257.139329053,580861.079856381
127121.255270112,582770.902537089
129100.519696437,588157.046719454
125296.322716027,583291.936703306
126572.329645604,588270.789781213
121378.787831869,578692.6603592
118558.50225091,581520.3507144
125168.973931484,580740.977045875
118995.074311625,583215.853115581
124235.329255555,583151.218436845
118223.021908458,584122.218143456
115780.845421832,587062.468362879
116878.044640236,583791.464493107
125264.092205744,580064.212131593
122871.600549933,581007.125435535
116112.80844463,581490.843594447
123666.552404519,582687.964083962
115038.839847408,598763.998446148
122932.477543559,598645.440350212
119535.255777724,591486.534518078
125819.607528243,588766.99087495
119805.638600439,596235.860679671
126734.12769502,594548.613086715
121810.853785276,598255.984043777
120326.304019876,590369.576245975
117251.579974499,597918.613547459
117298.274339084,596776.715318114
123895.458077174,588555.366780143
121763.703812193,594150.911086705
123779.519006051,592006.678063143
125826.395909209,591061.832633708
119556.737788208,590802.376999073
117987.891378105,582804.64417832
115773.393570818,590602.125584427
122126.126680914,592610.584786367
121737.610554788,588658.858782519
115908.742848039,588297.456157673
122354.097061213,587251.881274134
117988.783261832,590751.263141166
117267.164080609,584298.060462374
119523.923292849,587160.046681669
112967.589546368,594686.860611662
118013.966376893,593908.208914567
127830.344893485,585977.935020924
121840.794001147,598555.788040534
126543.443306591,582419.395942539
122193.093986493,579409.807596039
121284.008270353,582111.615023222
126078.51207022,579667.164360784
122067.026764527,585580.985294282
123111.706058718,579804.346172456
123849.358282011,584343.978020173
126286.568613723,577588.220543694
129025.109082256,588158.094354209
120538.924085177,582036.9192403
128043.961512223,584572.60417778
123760.631497629,578387.180985257
130619.530096278,584184.585628081
119881.740832459,588686.917303707
126174.025190938,586145.469213985
120618.672276568,589030.915052351
122137.029171102,583524.747085664
119160.972280428,593038.308970351
121893.983377703,584420.665029343
117924.162948132,584361.024576612
124856.127722654,588141.657411121
124140.31433475,587076.366115041
126646.23722937,594025.12974795
118594.571316801,594358.311605733
126258.122990463,589873.816488851
118299.904733244,592361.986819282
119849.68901623,595985.239274204
116761.15457993,595553.506502416
124106.520565122,595905.248119749
119772.383757047,580850.245920084
116928.985057563,594028.417030174
115792.274845392,586086.159396302
119680.157356467,588593.74089472
124008.055069555,588337.904636815
120796.173395086,595489.268383335
120328.453136101,588117.168708485
117263.955086611,591664.189491853
126961.242353607,587212.812448878
121549.212399218,594698.249904159
121280.542907894,587722.448568128
121122.256839555,595362.441908941
118547.430045921,588516.642367113
114288.099765163,588539.11311876
115217.537590396,550558.775862958
122614.589546714,546953.021093365
108717.729936093,548051.230583657
107997.858832441,562396.92190934
109892.358016763,561197.221857365
101531.124790419,555843.260543004
119813.760963175,558471.710127965
118829.217721708,557600.735225901
117350.4040768,556660.662897024
120732.596792933,555871.032520942
114669.006236549,563187.215236295
122081.653953157,562737.036443967
114295.605702512,558591.103708424
121222.585281357,561500.645279605
113988.358357046,561396.902650818
112833.356527891,561133.056279697
119756.649949495,558748.479764573
117950.657280348,560080.939169601
117091.032591462,555632.856576424
113657.385725714,558386.894899048
124691.514008958,569263.011747971
127806.594344042,574675.76292282
123933.867170755,576414.174154866
126797.577633057,568385.530326143
132403.694723528,574155.525107794
127215.995904244,576899.736454058
131859.40128015,569268.06635274
97087.5488373451,555221.73506882
95087.7379300483,555387.115797739
106226.910933014,557356.423647031
106744.234343953,563082.3747533
105640.480833687,557511.433995981
101412.753029224,550489.270330127
